{"TRUSTT-BWKL09-96631-99999": {"adminuid": 5021756929, "date-of-creation": "01/14/2023-00:48:52", "date-of-expiration": "10/28/2296-00:49:16", "length": "99999", "useruid": 5021756929}, "TRUSTT-MQP6TU-34552-1": {"adminuid": 5021756929, "date-of-creation": "01/14/2023-12:08:34", "date-of-expiration": "01/15/2023-15:23:43", "length": "1", "useruid": 2026559392}, "TRUSTT-P5SYVV-86219-9999": {"adminuid": 5021756929, "date-of-creation": "01/14/2023-12:08:34", "date-of-expiration": "05/31/2050-12:22:44", "length": "9999", "useruid": 5624083242}, "TRUSTT-E36RL4-39240-2": {"adminuid": 5021756929, "date-of-creation": "01/14/2023-17:51:44", "date-of-expiration": "", "length": "2", "useruid": ""}, "TRUSTT-N5XZA6-96695-1": {"adminuid": 5021756929, "date-of-creation": "01/14/2023-17:51:44", "date-of-expiration": "01/15/2023-20:18:29", "length": "1", "useruid": 5810489405}}